2bc633,127.0.0.1,GET,http://periphix-bolt.dev/async/dashboardnews,1445423263,196515
d0a37d,127.0.0.1,GET,http://periphix-bolt.dev/async/latestactivity,1445423264,196515
196515,192.168.10.1,GET,http://periphix-bolt.dev/bolt,1445423264,
42e4cb,192.168.10.1,GET,http://periphix-bolt.dev/async/latestactivity,1445423295,
87a206,192.168.10.1,GET,http://periphix-bolt.dev/async/latestactivity,1445423325,
124580,192.168.10.1,GET,http://periphix-bolt.dev/async/latestactivity,1445423358,
3e0e38,192.168.10.1,GET,http://periphix-bolt.dev/async/latestactivity,1445423390,
e19bcc,192.168.10.1,GET,http://periphix-bolt.dev/async/latestactivity,1445423422,
9b8c74,192.168.10.1,GET,http://periphix-bolt.dev/async/latestactivity,1445423454,
4388c9,192.168.10.1,GET,http://periphix-bolt.dev/async/latestactivity,1445423490,
651625,192.168.10.1,GET,http://periphix-bolt.dev/async/latestactivity,1445423535,
cf3598,192.168.10.1,GET,http://periphix-bolt.dev/async/latestactivity,1445423566,
8fe662,192.168.10.1,GET,http://periphix-bolt.dev/async/latestactivity,1445423599,
983ff8,192.168.10.1,GET,http://periphix-bolt.dev/async/latestactivity,1445423629,
63e40e,192.168.10.1,GET,http://periphix-bolt.dev/async/latestactivity,1445423663,
31f178,192.168.10.1,GET,http://periphix-bolt.dev/async/latestactivity,1445423694,
51667a,192.168.10.1,GET,http://periphix-bolt.dev/async/latestactivity,1445423726,
18b76c,192.168.10.1,GET,http://periphix-bolt.dev/async/latestactivity,1445423757,
b443b2,192.168.10.1,GET,http://periphix-bolt.dev/async/latestactivity,1445423790,
fe6c22,192.168.10.1,GET,http://periphix-bolt.dev/async/latestactivity,1445423823,
7f2403,192.168.10.1,GET,http://periphix-bolt.dev/async/latestactivity,1445423855,
c25324,192.168.10.1,GET,http://periphix-bolt.dev/async/latestactivity,1445423886,
5e70d8,192.168.10.1,GET,http://periphix-bolt.dev/async/latestactivity,1445423917,
2f99b5,192.168.10.1,GET,http://periphix-bolt.dev/async/latestactivity,1445423949,
ccf6ad,192.168.10.1,GET,http://periphix-bolt.dev/async/latestactivity,1445423982,
7e8f88,192.168.10.1,GET,http://periphix-bolt.dev/async/latestactivity,1445424015,
0f7477,192.168.10.1,GET,http://periphix-bolt.dev/async/latestactivity,1445424047,
a84eb0,192.168.10.1,GET,http://periphix-bolt.dev/async/latestactivity,1445424077,
6e7aa6,192.168.10.1,GET,http://periphix-bolt.dev/async/latestactivity,1445424111,
d34d4c,192.168.10.1,GET,http://periphix-bolt.dev/async/latestactivity,1445424143,
561591,192.168.10.1,GET,http://periphix-bolt.dev/async/latestactivity,1445424175,
86d6d1,192.168.10.1,GET,http://periphix-bolt.dev/async/latestactivity,1445424207,
20d714,192.168.10.1,GET,http://periphix-bolt.dev/async/latestactivity,1445424237,
8dd577,192.168.10.1,GET,http://periphix-bolt.dev/async/latestactivity,1445424270,
537ca3,192.168.10.1,GET,http://periphix-bolt.dev/async/latestactivity,1445424300,
bf39db,192.168.10.1,GET,http://periphix-bolt.dev/async/latestactivity,1445424332,
a5d61c,192.168.10.1,GET,http://periphix-bolt.dev/async/latestactivity,1445424365,
67f8bc,192.168.10.1,GET,http://periphix-bolt.dev/async/latestactivity,1445424397,
b0ccf0,192.168.10.1,GET,http://periphix-bolt.dev/async/latestactivity,1445424427,
6b548b,192.168.10.1,GET,http://periphix-bolt.dev/async/latestactivity,1445424458,
6227f6,192.168.10.1,GET,http://periphix-bolt.dev/async/latestactivity,1445424489,
f9235a,192.168.10.1,GET,http://periphix-bolt.dev/async/latestactivity,1445424520,
afd7a5,192.168.10.1,GET,http://periphix-bolt.dev/async/latestactivity,1445424552,
16f9c6,192.168.10.1,GET,http://periphix-bolt.dev/async/latestactivity,1445424584,
cca76e,192.168.10.1,GET,http://periphix-bolt.dev/async/latestactivity,1445424615,
ddab01,192.168.10.1,GET,http://periphix-bolt.dev/async/latestactivity,1445424647,
d600bb,192.168.10.1,GET,http://periphix-bolt.dev/async/latestactivity,1445424679,
e4d2d9,192.168.10.1,GET,http://periphix-bolt.dev/async/latestactivity,1445424709,
9eefe6,192.168.10.1,GET,http://periphix-bolt.dev/async/latestactivity,1445424741,
0a60ef,192.168.10.1,GET,http://periphix-bolt.dev/async/latestactivity,1445424772,
176aff,192.168.10.1,GET,http://periphix-bolt.dev/async/latestactivity,1445424802,
0c1437,192.168.10.1,GET,http://periphix-bolt.dev/async/latestactivity,1445424834,
aa5135,192.168.10.1,GET,http://periphix-bolt.dev/async/latestactivity,1445424865,
3638be,192.168.10.1,GET,http://periphix-bolt.dev/async/latestactivity,1445424898,
81305c,192.168.10.1,GET,http://periphix-bolt.dev/async/latestactivity,1445424931,
c32136,192.168.10.1,GET,http://periphix-bolt.dev/async/latestactivity,1445424961,
3a5e9d,192.168.10.1,GET,http://periphix-bolt.dev/async/latestactivity,1445424991,
3ab6e4,192.168.10.1,GET,http://periphix-bolt.dev/async/latestactivity,1445425023,
bea537,192.168.10.1,GET,http://periphix-bolt.dev/async/latestactivity,1445425055,
203c46,192.168.10.1,GET,http://periphix-bolt.dev/async/latestactivity,1445425088,
64810e,192.168.10.1,GET,http://periphix-bolt.dev/async/latestactivity,1445425119,
dd3f9c,192.168.10.1,GET,http://periphix-bolt.dev/async/latestactivity,1445425151,
b1eeda,192.168.10.1,GET,http://periphix-bolt.dev/async/latestactivity,1445425183,
800a34,192.168.10.1,GET,http://periphix-bolt.dev/async/latestactivity,1445425221,
e294db,192.168.10.1,GET,http://periphix-bolt.dev/async/latestactivity,1445425254,
8ca50f,192.168.10.1,GET,http://periphix-bolt.dev/async/latestactivity,1445425287,
